ID,Genre,Premise,Hypothesis,Label
NEW_059,News,"Đảo Hải tặc ngoài đời thực chỉ cách bờ biển Việt Nam 15km, thuộc địa phận tỉnh Kiên Giang.",Đảo Hải Tặc ngoài đời thực nằm trong phần đất liền Việt Nam,1
KNO_013,Knowledge,K-pop trở thành một hiện tượng giải trí toàn cầu.,K-pop chỉ là thứ giải trí ở mỗi Hàn Quốc.,1
KNO_024,Knowledge,"Sau vụ ném bom nguyên tử xuống Hiroshima và Nagasaki của Hoa Kỳ, Chính quyền quân phiệt đã đầu hàng vô điều kiện.",Hai quả bom nguyên tử không là nguyên nhân khiến chính phủ quân phiệt đầu hàng mỹ.,1
SOC_264,Social,"Đồ án đạt yêu cầu thôi chưa đủ, giảng viên muốn đồ án phải sáng tạo, độc đáo.",Giảng viên muốn mọi đồ án giống như nhau.,1
NEW_133,News,Máy bay hai tầng Junkers J.I của Đức là chiếc máy bay đầu tiên sử dụng hợp kim duralumin.,Junker J.I là loại máy bay 1 tầng.,1
NEW_144,News,"Màu xanh Phổ của châu Âu là màu sắc đặc biệt tạo màu cho cơn sóng trong bức tranh ""Sóng lừng ngoài khơi Kanagawa"" của Nhật Bản.","Cơn sóng trong bức tranh ""Sóng lừng ngoài khơi Kanagawa"" có màu đỏ.",1
KNO_099,Knowledge,Nhà hàng nổi tiếng nhất ở Pháp là Rocher de Cancale.,Rocher de Cancale là nhà hàng được ít người biết đến nhất ở Pháp.,1
SOC_205,Social,Nguyên tố Photpho được tìm thấy khi các nhà giả kim đun sôi nước tiểu và phát hiện chất màu trắng phát sáng trong bóng tối.,Chất màu trắng phát sáng trong bóng tối đó không có chứa Photpho.,1
SOC_248,Social,"Thật sự vinh dự khi Khoai được nhận giải thưởng ""Nhân vật sáng tạo và truyền cảm hứng du lịch - văn hoá 2025"".",Khoai chưa nhận được giải thưởng nào,1
KNO_104,Knowledge,"Siêu thị là cửa hàng tự phục vụ, cung cấp nhiều loại thực phẩm, đồ uống và sản phẩm gia dụng.",Không có thức ăn ở trong siêu thị.,1
KNO_120,Knowledge,Rạp chiếu phim là một toà nhà có khán phòng để phục vụ mục đích xem phim giải trí.,Không thể xem phim ở rạp chiếu phim.,1
SOC_262,Social,"Nhân viên giữ xe của trường thái độ rất láo, chửi thẳng mặt sinh viên không nể nang gì cả.",Bãi xe của trường không có nhân viên giữ xe,1
SOC_179,Social,"Tụi bay đừng có ngồi dán mắt vô màn hình nữa, ra ngoài mà chạm cỏ đi.",Tụi bay lúc nào cũng ra ngoài,1
KNO_043,Knowledge,"Bằng chứng khảo cổ học cho thấy rằng người nguyên thủy đã cư trú tại Trung Quốc từ 250.000 đến 2,24 triệu năm trước.","Từ 250.000 đến 2,24 triệu năm trước, tại Trung Quốc chưa có người nguyên thủy.",1
SOC_185,Social,"Giọng của chú Vân Sơn làm giảm độ đê tiện của anh Châu Tinh Trì, chứ bản gốc Hồng Kông thì đê tiện rặt lun.",Châu Trinh Trì là người Việt Nam.,1
SOC_031,Social,Tắm suối nước nóng Hakone mang lại cảm giác thư giãn sâu nhờ làn nước ấm và khung cảnh núi non xung quanh.,Suối nước nóng Hakone giúp người tắm cảm thấy khó chịu và căng thẳng.,1
KNO_092,Knowledge,Đầu bếp chuyên nghiệp ở Trung Đông chủ yếu là nam giới.,"Ở Trung Đông, số lượng đầu bếp chuyên nghiệp nữ nhiều hơn đầu bếp chuyên nghiệp nam.",1
SOC_268,Social,Đã từng có một mối tình chân thành phô bày trước mặt tôi nhưng mà tôi không biết tôn trọng.,Mối tình chân thành luôn được phô bày trước mắt tôi.,1
NEW_179,News,"Tuyến tàu Stoosbahn dốc nhất thế giới của Thuỵ Sĩ, đạt độ nghiêng lên tới 47,7 độ, dẫn vào ngôi làng không ô tô trên núi.",Thuỵ Sĩ có tuyến tàu nghiêng dưới 45 độ.,1
KNO_066,Knowledge,Hương vị của thịt được gia tăng bằng cách nấu trong mỡ động vật dù cách làm này chỉ có ở những nhà giàu.,"Ở những nhà nghèo, thịt được nấu trong mỡ động vật.",1
NEW_099,News,"Quân giải phóng tiến vào Dinh Độc Lập, thống nhất hai miền Nam - Bắc, kết thúc Chiến tranh Việt Nam.",Chiến tranh Việt Nam chưa chấm dứt với việc Việt Nam được thống nhất hai miền Nam - Bắc.,1
KNO_155,Knowledge,Mùa hoa anh đào thường là vào tháng 3 hay là tháng 4 dương lịch.,Hoa anh đào thường nở vào tháng 5 dương lịch.,1
NEW_072,News,"Khinh khí cầu Hindenburg nổ tung trên bầu trời nước Mỹ, đánh dấu sự kết thúc của thời đại khinh khí cầu.",Thời đại khinh khí cầu vẫn tiếp diễn sau thảm hoạ khinh khí cầu Hindenburg.,1
NEW_011,News,Bộ phim Oppenheimer của đạo diễn Christopher Nolan thắng giải Oscar cho phim xuất sắc nhất năm 2024.,Giải Oscar cho phim xuất sắc nhất năm 2024 không thuộc về bộ phim Oppenheimer.,1
KNO_130,Knowledge,Gà rán là một món ăn xuất xứ từ miền Nam Hoa Kỳ.,Gà rán không có nguồn gốc từ Mỹ.,1
KNO_152,Knowledge,"Mai vàng là cây lâu năm, có thể sống trên một trăm năm.",Cây Mai chỉ có thể sống chục tuổi.,1
NEW_157,News,"Đế chế Inca phát triển hùng mạnh nhất Nam Mỹ, phương Tây vượt trội so với phần còn lại của thế giới nhờ vào củ khoai tây.",Khoai tây không là yếu tố giúp phương Tây phát triển vượt bậc trên thế giới.,1
KNO_025,Knowledge,"Trước khi Nihon trở thành tên gọi chính thức, Nhật Bản được gọi là Wa hoặc Wakoku.",Wakoku là tên gọi mới của Nhật Bản.,1
NEW_031,News,"Đèo Rù Rì, con đèo tử thần ở Nha Trang, được đồn đoán là nơi chôn 14 lọ sành huyền bí.",Rù Rì là tên một bãi biển thơ mộng và bằng phẳng.,1
NEW_020,News,"Ngân Hà, thiên hà chứa Trái Đất và hệ Mặt Trời, sẽ va chạm với thiên hà láng giềng Andromeda trong 5 tỷ năm tới.",Andromeda là thiên hà xa Ngân Hà nhất.,1
KNO_004,Knowledge,Rò rỉ dữ liệu cũng có thể xuất phát từ các cuộc tấn công bằng các phương pháp phi kỹ thuật.,Các phương pháp phi kỹ thuật không bao giờ là nguyên nhân gây rò rỉ dữ liệu.,1
KNO_169,Knowledge,Nguyên liệu đường trong mứt luôn có mặt và cần đạt gần nồng độ khoảng 55 - 60%.,Quy trình chế biến mứt loại bỏ hoàn toàn đường.,1
KNO_049,Knowledge,"Triều đại Hán cai trị Trung Quốc từ 206 TCN đến 220 CN, thiết lập một bản sắc văn hóa Hán bền vững trong dân cư và tồn tại cho đến nay.",Triều đại Hán là một chính quyền ngắn ngủi chỉ tồn tại được vài tháng rồi sụp đổ.,1
KNO_021,Knowledge,Khoảng 3/4 địa hình của Nhật Bản là đồi núi.,"Nhật Bản có địa hình hoàn toàn bằng phẳng, chủ yếu là các đồng bằng phù sa.",1
SOC_181,Social,"Trên Mặt Trăng không có chú Cuội với Thỏ Ngọc gì đâu, chỉ có dấu giày của Neil Armstrong thôi.",Neil Armstrong chưa từng đặt chân lên Mặt Trăng.,1
NEW_030,News,Soái hạm của Hạm đội 7 Hoa Kỳ cập Cảng Quốc tế Cam Ranh.,Hải quân Hoa Kỳ không đến thăm Cảng Quốc tế Cam Ranh.,1
NEW_066,News,Virus H1N1 giết chết hơn 50 triệu sinh mạng trong đại dịch cúm Tây Ban Nha 1918 - 1919.,Tác nhân gây ra Đại dịch cúm Tây Ban Nha không phài là virus H1N1.,1
NEW_035,News,Vụ nổ kinh thiên động địa ở Tunguska nước Nga cách đây 117 năm vẫn làm đau đầu các học giả.,Vụ nổ Tunguska kinh thiên động địa xảy ra vào năm 1808.,1
SOC_246,Social,"Vậy là anh Khoai đã lập một kỷ lục mới cho bản thân mình rồi, 9 ngày với 5 video du lịch.",Anh Khoai không đăng video du lịch nào,1
KNO_128,Knowledge,Nhà di động là chỗ ở kết hợp với một động cơ xe.,Nhà di động là một chiếc xe không có chỗ ở.,1
KNO_005,Knowledge,Internet là một hệ thống thông tin toàn cầu có thể được truy nhập công cộng.,Internet là hệ thống mạng nội bộ khép kín chỉ dành riêng cho quân đội sử dụng.,1
SOC_240,Social,Thức khuya triền miên là kẻ thù của thận.,Thức khuya liên tục là cách tốt nhất để thận khỏe mạnh.,1
KNO_060,Knowledge,"Rượu của người Trung Hoa phần lớn nấu bằng ngũ cốc, thông dụng nhất là rượu gạo mà họ gọi là hoàng tửu (rượu vàng) hay mễ tửu.",Hoàng tửu và mễ tửu là tên gọi của hai loại nước ép trái cây dành cho trẻ em.,1
KNO_035,Knowledge,"Với hơn 5.000 năm, nền văn minh Trung Hoa phát triển mạnh, đặc trưng bởi hệ thống tư tưởng - triết học có ảnh hưởng lớn với các quốc gia láng giềng.",Các quốc gia láng giềng của Trung Quốc hoàn toàn miễn nhiễm với mọi tư tưởng văn hóaTrung Quốc.,1
NEW_042,News,Người ta khai quật các thi thể bị ướp lạnh dưới băng tuyết của những thuỷ thủ xấu số của đoàn thám hiểm Franklin.,Các thủy thủ của đoàn thám hiểm Franklin hiện đang tận hưởng kỳ nghỉ mát tại vùng nhiệt đới.,1
SOC_044,Social,"Nhạc của DECO*27 kiểu nghe phát là biết liền, từ “Mozaik Role” tới “Ai Kotoba” lúc nào cũng đậm mùi tình cảm mùi mẫn.",DECO*27 được biết đến là nhạc sĩ chuyên sáng tác nhạc Vocaloid chủ đề tình bạn.,1
KNO_176,Knowledge,Bento là một bữa ăn mang đi được mua hoặc có thể chuẩn bị sẵn tại nhà.,Bento là một bữa ăn tại chỗ.,1
KNO_108,Knowledge,Một trong những đặc điểm quan trọng nhất của siêu thị là thực phẩm giá rẻ.,Các siêu thị chỉ chuyên bày bán những mặt hàng xa xỉ phẩm với mức giá trên trời,1
NEW_169,News,Người dân Đan Mạch có tục lệ đập chén dĩa cũ để tiễn biệt năm cũ và chào đón năm mới.,Đập chén dĩa không phải là một phong tục truyền thống vào dịp năm mới ở Đan Mạch.,1
NEW_114,News,"Bốn chiếc máy bay tấn công vào Trung tâm Thương mại Thế giới, Lầu Năm Góc, khiến nước Mỹ và cả thế giới rung chuyển.",Trung tâm Thương mại Thế giới và Lầu Năm Góc không phải là mục tiêu của bốn chiếc máy bay.,1
KNO_016,Knowledge,Đội tuyển bóng đá Hàn Quốc thường xuyên giành quyền tham dự các kỳ World Cup.,Đội tuyển Hàn Quốc chỉ mới một lần dự World Cup,1
KNO_164,Knowledge,Tất niên là một phong tục tiệc cỗ để ghi dấu việc kết thúc một năm và chuẩn bị bước sang năm mới.,Tất niên là tiệc diễn ra vào ngày đầu tiên trong năm,1
NEW_080,News,"Đức và Liên Xô giằng co ác liệt tại thành phố Stalingrad, với Đức hiện đang mất lợi thế.",Stalingrad là mặt trận người Đức nắm quyền chủ động,1
NEW_016,News,Nữ nghị sĩ gốc Maori nhảy điệu haka truyền thống giữa quốc hội New Zealand.,Điệu haka là nét văn hoá truyền thống của người Úc,1
NEW_140,News,"Hội chứng không dung nạp lactose, hội chứng khiến người ta khó hấp thụ sữa, và người châu Á mắc hội chứng này nhiều nhất.",Thành phần chính có trong sữa là chất đạm,1
NEW_094,News,Tết Mậu Thân năm 1968 và Mùa hè đỏ lửa năm 1972 trở thành hai sự kiện đẫm máu nhất Chiến tranh Việt Nam.,Nhiều người chết nhất trong Chiến tranh Việt Nam vào năm 1969,1
KNO_151,Knowledge,Mai vàng là loài thực vật có hoa.,Cây Mai không thể nở hoa,1
KNO_160,Knowledge,Mâm ngũ quả là một mâm trái cây có năm thứ trái cây khác nhau.,Có ba loại trái cây bày biện trên mâm ngũ quả,1
NEW_106,News,"Sân vận động Azteca, thánh địa bóng đá nơi chứng kiến màn đăng quang World Cup của hai huyền thoại Pele và Maradona.",Pele và Maradona đều chưa giành được chức vô địch World Cup,1
NEW_177,News,"Đến 4 giờ chiều hằng ngày, cả Vương quốc Anh dừng lại mọi công việc để thưởng thức những cốc trà ấm và bánh ngọt.",Người Anh luôn dùng trà và bánh vào lúc 4 giờ sáng hằng ngày,1
SOC_060,Social,"Bò Hida Wagyu đúng kiểu càng nhai càng ra vị, không phải chỉ toàn mỡ.",Bò Hida Wagyu có vị nhạt nhẽo,1
KNO_056,Knowledge,"Vào giữa thế kỷ 20, vịt quay Bắc Kinh đã trở thành biểu tượng quốc gia của Trung Quốc.",Gấu trúc là hình ảnh tượng trưng của Trung Quốc,1
SOC_278,Social,"Quán rộng rãi thoáng mát lắm ạ, nhà vệ sinh sạch sẽ, nước ngon, nhân viên take care tốt ạ, quán ruột của mình mỗi khi chạy deadline.",Mình thích đến đây để thư giãn,1
SOC_197,Social,"Đi qua Bình Thuận đúng lâu thiệt, vì tỉnh nó dài. Từ Hàm Tân giáp Đồng Nai lên Vĩnh Hảo giáp Ninh Thuận mất hơn hai tiếng.",Bình Thuận không tiếp giáp với Đồng Nai và Ninh Thuận,1
KNO_064,Knowledge,"Quý tộc quan lại Trung Quốc thời cổ thường đi săn các loài thú khác nhau và tiêu thụ thịt cừu, thịt lợn và chó khi những con vật này được thuần hóa.",Người Trung Quốc ghét ăn thịt chó,1
NEW_154,News,"Kim tự tháp Kukulkan, biểu tượng của nền văn minh Maya và bí ẩn khó lý giải về tiếng chim phát ra khi vỗ vào chân kim tự tháp này.","Khi vỗ vào chân kim tự tháp Kukulkan, người ta không nghe thấy tiếng gì cả.",1
KNO_084,Knowledge,Vịnh Hạ Long là nơi thường xuyên đón tiếp các tàu du lịch quốc tế chọn làm điểm dừng tham quan.,Vịnh Hạ Long không thu hút du khách từ ngoài nước đến du lịch.,1
KNO_107,Knowledge,A&P là chuỗi cửa hàng tạp hóa đầu tiên tại Canada và Hoa Kỳ.,A&P chỉ có một cửa hàng tại Cannada và Hoa Kỳ,1
SOC_049,Social,"Hachi hồi còn làm Vocaloid đã có màu nhạc rất riêng, nghe là biết ngay không lẫn đi đâu được.",Phong cách âm nhạc của Hachi dễ bị lẫn lộn với nhạc của các nghệ sĩ khác,1
KNO_078,Knowledge,Giáo dục trung học cơ sở kéo dài bốn năm học từ lớp sáu đến lớp chín.,Không có tồn tại lớp bảy,1
KNO_048,Knowledge,"Theo truyền thuyết, các vua đầu tiên của Trung Quốc là ở thời kỳ Tam Hoàng Ngũ Đế, cách đây khoảng 5.000 - 4.200 năm.",Trung Quốc không có vua,1
NEW_097,News,"Ngày 20/7/1973, ngôi sao truyền hình, võ sư lừng danh người Hồng Kông Lý Tiểu Long đột ngột qua đời ở tuổi 32.",Lý Tiểu Long sinh năm 1925,1
SOC_230,Social,Mình stress bỏ ăn 3 ngày nghỉ làm 3 ngày luôn xem clip của khoai mà có sức sống hơn rồi.,Clip của Khoai càng làm tui có suy nghĩ tiêu cực,1
SOC_030,Social,"Văn Hoá Nhật Bản là văn hoá dễ nhận biết nhất trên toàn thế giới, và Bộ Văn Hoá và Truyền Thông Nhật Bản muốn giữ vững điều đó.",Thế giới còn xa lạ với văn hoá Nhật Bản,1
KNO_146,Knowledge,Obon là một lễ hội Phật giáo ở Nhật Bản với mục đích tưởng nhớ cha mẹ và tổ tiên.,Lễ Obon là dịp để cầu nguyện các sĩ tử thi đậu Đại học,1
KNO_114,Knowledge,"Hứa Quang Hán là một diễn viên, người mẫu, ca sĩ người Đài Loan.",Hứa Quang Hán là bác sĩ thiên tài,1
SOC_016,Social,Một người hủy kết bạn sau một cuộc tranh luận trên mạng xã hội.,Mối quan hệ trở nên khăng khít hơn nhờ cuộc tranh luận đó,1
NEW_104,News,"Vụ rò rỉ khí độc từ nhà máy của Union Carbide ở Bhopal, Ấn Độ giết chết hơn 3700 người dân.",Nơi xảy ra vụ rò rỉ khí độc là khu nhà dân,1
NEW_046,News,"Năm 2023, nhạc sĩ lừng danh đoạt giải Oscar người Nhật Sakamoto Ryuichi qua đời ở tuổi 71.",Sakamoto Ryuichi sinh năm 1981,1
KNO_018,Knowledge,"Hokkaido, Honshu, Shikoku, Kyushu, và Okinawa là tên các hòn đảo chính ở Nhật Bản.",Nhật Bản có tới 104 đảo chính,1
SOC_219,Social,Đường kiến tạo của Messi trong trận gặp Hà Lan nó hay ở chỗ là Messi không cần nhìn Molina mà vẫn chuyền lọt khe hai hậu vệ đến chân ổng.,Molina kiến tạo cho Messi ghi bàn,1
KNO_059,Knowledge,"Mì Trung Quốc khô hoặc tươi với nhiều kích cỡ, hình dạng và kết cấu khác nhau và thường dùng kèm súp hoặc đồ ăn kèm.",Mì Trung Quốc tất cả đều một màu và dai ,1
NEW_018,News,Thái Lan đặt hạn chót ngừng bắn và kêu Campuchia phải tuân thủ.,Campuchia yêu cầu Thái Lan tuân thủ hạn ngừng bắn,1
SOC_233,Social,Có chồng như anh này sướng luôn hé.,Có người chồng như anh này thì đúng là mạt vận,1
KNO_141,Knowledge,Ngày Thiếu Nhi là một ngày để tôn trọng nhân cách của trẻ em và để chào mừng hạnh phúc của chúng.,Trẻ em là nhân vật phụ của ngày thiếu nhi,1
NEW_008,News,Thành phố Nha Trang ngập chìm trong biển nước trong đợt lũ lụt miền Trung kinh hoàng năm 2025.,Nha Trang là thành phố miền Tây Nam Bộ,1
KNO_026,Knowledge,"Hai chữ Nhật Bản (日本) có nghĩa là ""cội nguồn của mặt trời"", đây cũng chính là nguồn gốc cho biệt danh ""Đất nước mặt trời mọc"" ở các quốc gia phương Tây.",Nhật Bản gọi các nước phương Tây là đất nước Mặt Trời mọc,1
NEW_052,News,Tướng Trần Văn Trà kể về việc tìm thấy bức thư gửi những người đang sống của ba liệt sĩ thời Chiến tranh Việt Nam.,Người viết bức thư gửi những người đang sống còn sống ở đâu đó,1
KNO_054,Knowledge,Động vật hoang dã tại Trung Quốc chia sẻ môi trường sống và chịu áp lực gay gắt từ lượng dân cư đông nhất thế giới.,Trung Quốc có dân cư thưa thớt,1
NEW_160,News,Vụ ám sát cầu thủ bóng đá Andres Escobar giật sập nền bóng đá Colombia và 20 năm để tái thiết lại từ bi kịch quốc gia.,Nền bóng đá Colombia phát triển nhờ cái chết của Andres Escobar,1
SOC_229,Social,"Nếu xét về món canh quốc dân, thì theo tui, Hàn Quốc có canh tương đậu, Nhật Bản có canh miso, còn Việt Nam có canh chua.",Canh cải bẹ xanh là món canh quốc dân của Việt Nam,1
SOC_047,Social,"ryo đúng kiểu đặt nền móng cho Vocaloid, không có “Melt” chắc scene ngày xưa đã khác hẳn.",ryo có ảnh hưởng lớn đến sự phát triển hiện tại của Vocaloid.,1
SOC_008,Social,Nhiều bạn trẻ than chán vì thời tiết mưa kéo dài cả ngày.,Nhiều người cảm thấy dễ chịu khi mưa kéo dài,1
KNO_167,Knowledge,Chính quyền Việt Nam Cộng Hòa coi lô tô là một hình thức cờ bạc song không cấm cản.,Lô tô bị Chính quyền Việt Nam Cộng hoà cấm ,1
NEW_077,News,"Người đàn ông Pháp bật khóc khi thấy đoàn quân Đức Quốc xã diễu hành tại Paris, cuối tháng 6 năm 1940.",Đức Quốc xã chưa một lần vào nước Pháp,1
KNO_110,Knowledge,Siêu thị là từ được dịch ra từ các thuật ngữ nước ngoài.,Siêu thị là từ không có nguồn gốc từ nước ngoài,1
KNO_068,Knowledge,Trái cây theo mùa được dùng như một hình thức tráng miệng phổ biến nhất sau bữa ăn tối.,Nhiều người ăn trái cây trước khi ăn tối,1
NEW_131,News,"Vào thập niên 1920-1930, ánh đèn neon trở thành biểu tượng cho sự hoa lệ của các thành phố New York, Las Vegas, Los Angeles.",New York là vùng nông thôn,1
NEW_086,News,"Thịt hộp SPAM cứu đói người dân Hàn Quốc trong chiến tranh, trở thành quà biếu ngày Tết của người Hàn.",Người Hàn kiêng kỵ tặng SPAM trong ngày Tết,1
NEW_081,News,"Chính quyền phát xít của Benito Mussolini bị sụp đổ, tên trùm phát xít bị truy nã trên toàn nước Ý.",Adolf Hitler cầm đầu Phát xít Ý,1
NEW_134,News,"Thung lũng Silicon, nơi ra đời của những công ty công nghệ hàng đầu nước Mỹ, như Apple, Facebook, Amazon, Microsoft, eBay,...","Cá(c công ty công nghệ lớn của Mỹ như Apple, Facebook, Amazon,... đều không có trụ sở tại thung lũng Silicon.",1
SOC_043,Social,Mình thấy Hachi (tên thật là Kenshi Yonezu) thời còn làm Vocaloid với “Matryoshka” đúng là khác hẳn phong cách solo bây giờ.,Kenshi Yonezu chưa bao giờ làm Vocaloid.,1
KNO_037,Knowledge,"Sau khi tiến hành cải cách kinh tế theo hướng mở cửa vào năm 1978, nền kinh kế Trung Quốc với quy mô dân số khổng lồ đã tăng trưởng nhanh chóng.",Cải cách kinh tế theo hướng mở cửa và quy mô dân số khổng lồ không là hai nguyên nhân khiến kinh tế Trung Quốc phát triển.,1
NEW_034,News,Thực hư về lời nguyền Tutankhamun và những cái chết khó hiểu của những người đi khai quật mộ vị Pharaoh này.,Những người đi khai quật mộ Tutankhamun đều còn sống.,1
NEW_084,News,"Bốn tháng sau khi Adolf Hitler tự sát, Thiên hoàng Hirohito tuyên bố đầu hàng vô điều kiện, kết thúc Thế chiến II.",Thiên hoàng Hirohito tuyên bố đầu hàng nên Thế chiến II còn tiếp diễn.,1
KNO_063,Knowledge,Nhà thơ Tô Đông Pha đã khám phá ra món thịt kho màu đỏ nâu đẹp mắt còn gọi là Thịt kho Đông Pha.,Món thịt kho Đông Pha được sáng tạo bởi một người vô danh.,1
NEW_141,News,"DJ nổi tiếng David Guetta khuấy động bầu không khí lễ khai mạc EURO 2016 tại Pháp, với các ca khúc đình đám như Play Hard, Titanium,...","Các ca khúc Play Hard, Titanium không được trình diễn trong lễ khai mạc EURO 2016.",1
NEW_013,News,"Năm 2011, Nhật Bản hứng chịu thảm hoạ kép động đất - sóng thần kinh hoàng nhất lịch sử tại vùng Tohoku.",Nhiều trận động đất ở Nhật Bản vượt qua thảm hoạ kép năm 2011 về thiệt hại và thương vong.,1
SOC_285,Social,Chuyến tàu lướt ngang vô tình mang tiếng yêu đầu tiên về miền quên lãng.,Không vì chuyến tàu mà tôi quên đi tiếng yêu đầu tiên.,1
NEW_155,News,"Chiếc còi hình đầu lâu của người Aztec dùng trong nghi thức hiến tế người, phát ra âm thanh đáng sợ nhất thế giới.",Người Aztec chưa bao giờ chế tạo ra chiếc còi đặc trưng phát ra âm thanh rùng rợn nhất thế giới.,1
SOC_256,Social,"Em coi cả chuyến đi Madagascar này bị cuốn thật í , xem không bỏ phút giây nào.",Em đã không xem video chuyến đi Madagascar này một cách tập trung.,1
NEW_065,News,"Sau khi hiệp định ngừng bắn được ký kết, trong sáu tiếng cuối cùng của Thế chiến I, có tới hơn 11 ngàn binh sĩ thiệt mạng.","ký hiệp định ngừng bắn, Thế chiến I chấm dứt ngay lập tức.",1
KNO_058,Knowledge,"Trong các vùng trồng lúa mì ở miền Bắc Trung Quốc, người dân chủ yếu dựa vào thực phẩm làm từ bột mì, chẳng hạn như mì sợi.",Người dân miền Bắc Trung Quốc trồng lúa mì nhưng họ không dùng thực phẩm làm từ lúa mì,1
KNO_034,Knowledge,Lịch sử Trung Quốc bắt nguồn từ lưu vực sông Hoàng Hà (bình nguyên Hoa Bắc) và Trường Giang (đồng bằng Trường Giang).,Lịch sử Trung Quốc được hình thành bên lưu vực sông Nile và sông Amazon.,1
KNO_011,Knowledge,Uống nhiều rượu cùng cung cách uống rượu là nét đặc sắc trong văn hóa ăn uống của người Hàn Quốc.,Người Hàn Quốc không bao giờ uống rượu,1
NEW_002,News,Seungri bị kết án 18 tháng tù trong vụ bê bối Burning Sun gây rúng động giới showbiz Hàn.,Seungri không dính líu đến vụ bê bối Burning Sun.,1
KNO_142,Knowledge,Ngày Thành Nhân được tổ chức nhằm chúc mừng và động viên tất cả những vị thành niên vừa đạt đến tuổi trưởng thành.,Ngày Thành Nhân là ngày quốc tang để tưởng niệm những người già vừa qua đời.,1
SOC_250,Social,Cuối năm dọn nhà em cần gả ít truyện bộ và lẻ nhen.,Vì phải dọn nhà nên em cần mua truyện.,1
NEW_028,News,24 xác tàu đắm của Nhật Bản từ Thế chiến II bất ngờ nổi trở lại đất liền.,30 con tàu này của Nhật đã bị chìm trong Thế chiến II.,1
NEW_056,News,Thế vận hội Munich năm 1972 nhuốm màu tang thương với sự ra đi tức tưởi của các vận động viên người Israel ở Đức.,Các vận động viên người Israel sống khoẻ trong Thế vận hội năm 1972.,1
KNO_174,Knowledge,Visa là một bằng chứng pháp lý xác nhận rằng một người nào đó được phép nhập cảnh hoặc xuất cảnh ở quốc gia cấp visa.,Để nhập cảnh hoặc xuất cách không cần phải có Visa.,1
NEW_168,News,"Những chiếc xe chạy trên đường cao tốc Autobahn được phép chạy thả ga, bị cảnh sát giao thông Đức hỏi thăm nếu chạy không đủ nhanh.",Một số đoạn cao tốc Autobahn không cho phép xe chạy với tốc độ cao.,1
SOC_226,Social,"Trước khi có món ramen trứ danh với sợi mì nhỏ, dài và dai thì món mì udon với sợi mì to và mềm đã làm ấm bụng của nhiều thế hệ người Nhật.",Mì ramen ra đời trước mì udon,1
KNO_075,Knowledge,"Giáo dục thể chất, thường gọi tắt là Thể dục, là một môn học được giảng dạy trong nhà trường ở trên khắp thế giới.",Giáo dục thể chất là môn học không phổ biến.,1
NEW_152,News,"Vào mùa thu ở Canada, nhựa cây phong được thu hoạch làm món siro ngọt ngào, là đặc sản của đất nước lớn thứ hai thế giới.",Siro phong không phải là món đặc sản của đất nước Canada.,1
NEW_085,News,"Trung Quốc xảy ra nội chiến, Quốc dân Đảng chạy về Đài Loan, Cộng sản Đảng lên nắm quyền Trung Quốc.",Cộng sản Đảng thua cuộc trước Quốc dân Đảng trong cuộc nội chiến.,1
KNO_065,Knowledge,"Ngũ cốc được lưu trữ để phòng trừ nạn đói và lũ lụt và thịt được bảo quản bằng muối, giấm, phơi khô hoặc cho lên men.",Ngũ cốc đã lưu trữ chỉ dùng để nuôi gia súc,1
NEW_138,News,"Những binh lính Nga quấn khăn có nhúng nước tiểu che mặt, miệng ho ra máu vì khí độc clo, xông lên phản công quân Đức trong Thế chiến I.",Khí clo là thần dược dùng để trị bệnh của binh lính Nga,1
NEW_014,News,Mexico tái ngộ Nam Phi tại trận đấu khai mạc World Cup 2026 sau 16 năm.,Mexico và Nam Phi đều không tham gia World Cup 2010.,1
NEW_116,News,"Ngày 1/4/2003, nam minh tinh màn bạc Trương Quốc Vinh tự sát, gây ra hiệu ứng tự sát bắt chước ở Hồng Kông.",Trương Quốc Vinh vẫn còn sống.,1
KNO_119,Knowledge,"Kyoto Animation thường được tắt là KyoAni là một hãng sản xuất anime đặt trụ sở tại thành phố Uji, tỉnh Kyōto, Nhật Bản.",Kyoto Animation luôn sản xuất phim do người đóng.,1
KNO_071,Knowledge,Rau là tên gọi chung cho những bộ phận của thực vật được con người hay động vật dùng làm thực phẩm.,Rau không thể ăn được.,1
KNO_015,Knowledge,Teakwondo là loại hình võ đạo được người Hàn Quốc luyện tập nhiều nhất.,Teakwondo là điệu nhảy phổ biến tại Hàn Quốc.,1
SOC_221,Social,Lẩu bánh gạo cay Tteobbeokki là món ăn Hàn Quốc ngon nhất mà tui từng ăn.,Nhiều món Hàn tui ăn ngon hơn lẩu Tteobbeokki.,1
SOC_239,Social,Vào được đại học Tokyo thì quá đơn giản.,Việc đậu đại học Tokyo là một điều cực kỳ khó khăn.,1
NEW_027,News,Singapore áp dụng luật phạt roi đối với các tội phạm lừa đảo và kẻ tiếp tay.,Singapore là nơi không có tội phạm,1
SOC_024,Social,"Studio MadHouse là vô đối trong ngành sản xuất Anime với các bộ anime như Overlord, Sousou no Frieren, No Game No Life...v.v.",No Game No Life là tựa game do MadHouse sản xuất.,1
KNO_103,Knowledge,"Việt Nam có 83 trung tâm thương mại, trong đó tập trung chủ yếu tại Hà Nội.",Hà Nội có ít trung tâm thương mại nhất Việt Nam.,1
SOC_041,Social,"Nghe lại “World is Mine” của ryo (supercell) mà vẫn thấy đúng kiểu Hatsune Miku Vocaloid đời đầu, giai điệu đơn giản nhưng cực kỳ bắt tai.",ryo là producer gắn liền với những bài Vocaloid thời kỳ cuối của Hatsune Miku.,1
KNO_012,Knowledge,Người Hàn Quốc khi ăn thường ưu tiên sử dụng đũa kim loại thay vì đũa gỗ.,Người Hàn Quốc dùng tay để ăn và không dùng bất kỳ dụng cụ ăn uống nào,1
KNO_072,Knowledge,"Chợ là nơi mà diễn ra hoạt động mua bán, trao đổi hàng hóa và dịch vụ bằng tiền tệ hoặc hiện vật.",không thể dùng tiền để đổi thành hàng hóa ở chợ.,1
NEW_048,News,Nhật Bản xây dựng chuỗi cung ứng đất hiếm không phụ thuộc vào Trung Quốc.,Nhật Bản luôn phải nhập khẩu đất hiếm từ các nước khác,1
NEW_153,News,"Thịt bò nướng Texas với các món sườn, brisket (nạm bò), xúc xích jalapeno và thịt mông xứng danh là đế chế thịt nướng của nước Mỹ.",Đế chế thịt nướng của nước Mỹ không phải là thịt bò nướng Texas.,1
KNO_135,Knowledge,Ngày giỗ là ngày kỷ niệm về cái chết của một con người.,Ngày giỗ là ngày để nhớ về người còn sống.,1
KNO_001,Knowledge,"Rò rỉ dữ liệu là việc tiết lộ, công khai hoặc làm mất thông tin cá nhân một cách trái phép.",Tiết lộ thông tin cá nhân khi không có sự cho phép không phải là làm rò rỉ dữ liệu.,1
SOC_214,Social,"Đội Nhật khá ổn cho kỳ World Cup sắp tới, nhưng có điều ráng tập đá phạt đền cho nhiều vô, tập sút cho chính xác hơn nữa.",Đội Nhật không quan tâm kỳ World Cup sắp tới.,1
SOC_202,Social,Những ai mà lên được Trạm Vũ trụ Quốc tế đều có thể trạng cực kỳ tuyệt vời.,Thể trạng xấu thì lên được Trạm Vũ trụ Quốc tế.,1
KNO_156,Knowledge,Loại hoa anh đào phổ biến nhất ở Nhật Bản là Somei Yoshino.,Loại hoa anh đào được thấy ít nhất Nhật Bản là Somei Yoshino.,1
KNO_088,Knowledge,Bệnh viện là một tổ chức chăm sóc sức khỏe cung cấp điều trị bệnh nhân.,Bệnh viện làm cho sức khỏe bệnh nhân tệ hơn.,1
NEW_113,News,Sự cố máy tính Y2K khiến dư luận hoang mang về kịch bản ngày tận thế trong thời khắc chuyển giao sang năm 2000.,Nhiều người nghĩ rằng không xảy ra ngày tận thế trong sự cố Y2K.,1
SOC_005,Social,Cô gái đăng story than buồn và muốn ai đó nói chuyện cùng.,Cô gái chẳng muốn nói chuyện với ai,1
SOC_009,Social,Bài review quán cà phê mới mở đang được mọi người chia sẻ rộng rãi.,Quán cà phê mới bị ngó lơ,1
NEW_137,News,"Những gói thuốc kháng sinh Sulfonamide diệt vi khuẩn và mềm bệnh ở miệng vết thương, cứu sống vô số binh lính trong Thế chiến II.",Sulfonamide là một món ăn nổi tiếng của vùng Caribbean,1
KNO_062,Knowledge,"Màu sắc, mùi và vị là ba khía cạnh truyền thống được sử dụng để miêu tả về ẩm thực Trung Quốc.",Các món ăn Trung Quốc được miêu tả bởi vùng miền,1
KNO_070,Knowledge,Thực phẩm cũng gọi là thức ăn là bất kỳ vật phẩm nào con người hay động vật có thể ăn hay uống được.,Thực phẩm là tất cả mọi thứ,1
KNO_074,Knowledge,"Genshin Impact là trò chơi hành động nhập vai do miHoYo phát triển, được phát hành lần đầu vào ngày 28 tháng 9 năm 2020.",Genshin Impact chỉ mới tồn tại được 2 năm,1
SOC_002,Social,Bài đăng của cô ấy nhận được rất nhiều lượt thả tim chỉ sau vài phút.,Bài đăng của cô ấy không có một tương tác nào,1
NEW_073,News,"Nhật Bản tấn công vũ bão vào Trung Quốc, Nam Kinh, Thượng Hải, Bắc Kinh, Vũ Hán đồng loạt thất thủ.","Nhật Bản không chiếm được Nam Kinh, Thượng Hải, Bắc Kinh, Vũ Hán",1
KNO_101,Knowledge,Ngành công nghiệp nhà hàng ở Hoa Kỳ là một ngành lớn và phát triển nhanh chóng.,Công nghiệp nhà hàng ở Mỹ bị đình trệ ,1
KNO_113,Knowledge,"Joseph Maurice Ravel là một nhà soạn nhạc, nghệ sĩ dương cầm và nhạc trưởng người Pháp.",Joseph Maurice Ravel là người am hiểu điện ảnh,1
SOC_034,Social,Dạo bộ giữa các nhà tắm công cộng ở Kinosaki vào buổi tối mang lại cảm giác yên bình và hoài cổ.,Đi dạo vào buổi sáng giữa các nhà tắm công cộng ở Kinosaki tạo cảm giác thanh bình và cổ kính,1
NEW_105,News,"Lò phản ứng số 4 của nhà máy điện hạt nhân Chernobyl phát nổ, khiến khu vực trong bán kính 33km trở thành khu vực chết.","Ngay tại thị trấn cách nhà máy Chernobyl 25km, người dân vẫn đang sinh hoạt và buôn bán",1
SOC_222,Social,"Khi ăn sushi hoặc sashimi, wasabi có tác dụng làm sạch hải sản sống, cho nên phải bỏ wasabi vào xì dầu càng nhiều càng tốt.",Wasabi cung cấp dinh dưỡng giúp vi khuẩn trong cá sinh sôi nảy nở nhanh chóng,1
SOC_211,Social,"Hồi nhỏ tui có coi trận Brazil và Đức tại World Cup 2014, tui không hiểu tại sao mấy ông Brazil lại để thủng lưới 4 bàn chỉ trong vòng 6 phút.",Brazil giữ sạch lưới hoàn toàn trước đội tuyển Đức.,1
KNO_124,Knowledge,Nhạc đại chúng là bất kỳ thể loại nhạc nào có sức hút rộng khắp và thường được phân phối đến lượng khán giả lớn.,"Nhạc đại chúng là thể loại nhạc bí mật, kén người nghe và chỉ được biết trong nội bộ giới quý tộc.",1
KNO_140,Knowledge,Vu lan còn được gọi là lễ báo hiếu là một trong những ngày lễ chính của Phật giáo.,Lễ Vu lan là lễ hội quan trọng của Thiên Chúa giáo,1
NEW_007,News,"Hồng Kông xảy ra vụ hoả hoạn chung cư kinh hoàng ở quận Đại Bộ, khiến gần 160 người thiệt mạng.",Tất cả mọi người đều sống sót trong vụ cháy chung cư ở Hồng Kông,1
KNO_133,Knowledge,Trong tâm thức người Việt thì lễ cưới có giá trị cao hơn cả giấy chứng nhận đăng ký kết hôn.,Người Việt cho rằng đăng ký kết hôn quan trọng hơn lễ cưới,1
SOC_026,Social,Dạo này cảm giác muốn đắm mình trong hoài niệm bằng cách nghe mấy bài Opening Anime Tiếng Việt xưa trên đài truyền hình HTV3.,Đài HTV3 chỉ chiếu các bộ phim do người đóng,1
KNO_008,Knowledge,Hàn Quốc đối mặt với thách thức là sự thù địch với Bắc Triều Tiên.,Vấn đề cần giải quyết của Hàn Quốc là muốn gia tăng các xung đột với Triều Tiên,1
KNO_157,Knowledge,Đồng bằng sông Cửu Long là vùng cực nam của Việt Nam.,Nơi xa nhất về phía nam của Việt Nam là Tây Nguyên,1
NEW_129,News,"Khủng hoảng oxy, cơn ác mộng kinh hoàng nhất đối với những quốc gia đang bùng phát đại dịch COVID-19.",Oxy không liên quan gì đến số ca tử vong vì COVID-19,1
KNO_094,Knowledge,"Đầu bếp chuyên nghiệp là một danh hiệu thường được thấy trong các cuộc thi, hay nhà hàng.",Các nhà hàng và cuộc thi nấu ăn là nơi dành riêng cho những người nội trợ nghiệp dư,1
KNO_032,Knowledge,"Trung Quốc là quốc gia đơn đảng do Đảng Cộng sản nắm quyền, chính phủ trung ương đặt tại thủ đô Bắc Kinh.",Trung Quốc là một quốc gia đa đảng với hàng chục đảng phái,1
SOC_173,Social,"Tui ước được sống ở Trung Địa, dù chỉ là thế giới giả tưởng.",Trung Địa là thế giới có thật,1
SOC_059,Social,"Bò tỉnh Hyōgo đúng kiểu “hàng gốc” duy nhất, nghe nói đạt chuẩn cao nhất mới được dán mác Kobe.","Bò Kobe ở đâu cũng là hàng gốc, không nhất thiết phải đến từ Hyogo",1
NEW_069,News,"Phim ngắn ""Tàu hơi nước Willie"" đánh dấu sự ra đời của chuột Mickey và ngành công nghiệp phim hoạt hình.","Tập phim ""Tàu hơi nước Willie"" là lần cuối cùng chuột Mickey xuất hiện trên màn ảnh",1
KNO_030,Knowledge,Nhật Bản đang có những kế hoạch rất sáng sủa trong ngành thám hiểm không gian.,Kế hoạch thám hiểm không gian của Nhật Bản đã đi vào ngõ cụt và không còn bất kỳ cơ hội nào để tiến xa hơn.,1
SOC_193,Social,"Giờ tui mới nhận ra chữ Nôm thực chất là chữ Nam nhưng đọc theo giọng Quảng, bà con ơi.","Giọng Huế biến vần ""am"" thành ""ôm""",1
SOC_267,Social,FPT chất lượng dịch vụ kém mạng chạy vòng tối ngày.,Tốc độ mạng FPT nhanh,1
KNO_145,Knowledge,"Lễ hội búp bê Nhật Bản ngày cầu phúc, may mắn và sức khoẻ cho các bé gái.",Các bé gái không nhận được lời chúc nào vào lễ hội búp bê Nhật Bản,1
KNO_112,Knowledge,Tình yêu là một đức tính đại diện cho lòng tốt.,Người có tình yêu là kẻ ác,1
NEW_076,News,"Hàng ngàn binh lính Anh trở về nước an toàn trong cuộc di tản lớn nhất lịch sử nhân loại ở Dunkirk, Pháp.",Dunkirk chứng kiến cuộc chạy nạn binh lính lớn thứ hai trong lịch sử,1
NEW_003,News,Hy Lạp từ quốc gia vỡ nợ trở thành một trong những nền kinh tế phát triển nhất châu Âu.,Hy Lạp là quốc gia chưa từng mắc nợ,1
SOC_003,Social,Dạo này anh ấy deadline đang dí sát nên rất căng thẳng.,Anh ấy đang được công việc tạo cảm hứng cho mình,1
NEW_143,News,"Tháp Eiffel cao thêm 17cm vào mùa hè, thấp xuống 10cm vào mùa đông do hiện tượng co giãn vì nhiệt của kim loại.",Tháp Eiffel vẫn giữ nguyên độ cao dưới ảnh hưởng của thời tiết,1
NEW_121,News,"Liên Xô thả bom khinh khí mang tên Tsar Bomba xuống đảo hoang Novaya Zemlya, tạo nên vụ thử nghiệm hạt nhân kinh hoàng nhất lịch sử.",Mỹ thử nghiệm bom Tsar Bomba,1
NEW_180,News,Ngôi làng Hallstatt ở Áo được công nhận là ngôi làng cổ nhất thế giới còn tồn tại đến ngày nay với tuổi đời hơn 7000 năm.,Lãnh thổ Áo là vùng đất hoang vu và hoàn toàn không có người sinh sống,1
NEW_067,News,Đảo chính quán bia năm 1923 trở thành sự kiện châm ngòi cho chủ nghĩa phát xít trên toàn nước Đức.,Chủ nghĩa phát xít sụp đổ sau Đảo chính quán bia,1
KNO_132,Knowledge,Cô dâu là nhân vật nữ chính trong hôn lễ.,Hôn lễ có thể thiếu cô dâu,1
NEW_075,News,"Ngày 1/9/1939, quân Đức bẻ gãy cột chắn ranh giới, xâm nhập lãnh thổ Ba Lan.",Đức bị Ba Lan xâm lược vào ngày 1/9/1939,1
SOC_244,Social,"Đang tính nhịn ăn đêm, mà ổng đăng clip ăn giờ này, mà xem ổng ăn thì phải kiếm cái gì đó để ăn mới xem ổng ăn được, không thôi nuốt nước miếng chít luôn.",Xem clip này làm tôi no ngang luôn rồi,1
KNO_085,Knowledge,Đà Nẵng là một thành phố có nhu cầu tuyển dụng nhân sự cao.,Các thanh niên cũng đến Đà Nẵng chỉ để tìm việc làm.,1
SOC_051,Social,"Lần đầu ăn bò Kobe ở Nhật mà sốc thật, thịt mềm tan luôn chứ không cần nhai nhiều.",Bò Kobe rất dai và không được dùng để làm thực phẩm,1
KNO_080,Knowledge,Thế vận hội hay Olympic còn có tên gọi cũ là Thế giới vận động hội là cuộc tranh tài trong nhiều môn thể thao giữa các quốc gia trên toàn thế giới.,Các câu lạc bộ trong nước thi đấu với nhau tại Olympic,1
NEW_024,News,Những cô gái tiếp bia bê 30kg bia bằng tay không - nét độc đáo của lễ hội bia lớn nhất thế giới Oktoberfest.,"Tại Oktoberfest, bia chỉ được phục vụ bởi hệ thống robot tự động",1
KNO_168,Knowledge,Các tổ chức kinh doanh lô tô hoạt động theo gánh và đi lưu diễn.,Các tổ chức kinh doanh lô tô chỉ hoạt động ở một vài nơi,1
NEW_149,News,"Những nạn nhân của phóng xạ khi chết đi cũng không được bình yên, nằm trong quan tài làm bằng chì được hàn kín, phủ bê tông lên trên.",Cỗ quan tài của những nạn nhân nhiễm phóng xạ đều phải làm bằng thuỷ ngân,1
SOC_027,Social,"""Mayonaka no Door"" của Matsubara Miki là bài hát nổi bật nhất trong dòng nhạc City Pop của Nhật Bản.",Mayonaka no Door thuộc dòng nhạc Rock Nhật Bản,1
NEW_171,News,Toà lâu đài Bran tại Transylvania của Romania được mệnh danh là lâu đài của bá tước ma cà rồng Dracula.,Không có một tòa lâu đài nào giống lâu đài Dracula,1
